"4","How do I stay alert during a fight?"
"8","Get ready to train with the mace!"
"2","What are some notable achievements or milestones associated with this place?"
"6","Let's work on your sword skills - start training."
"9","Become a fist fighting pro with training!"
"8","Train hard with the mace, starting now!"
"7","Start your axe training with determination."
"1","What led you to prioritize your mental and emotional well-being?"
"4","Any advice for launching a successful amphibious assault during a battle?"
"6","How about trying sword training for the first time?"
"9","Be the best version of yourself with fist fight training!"
"11","Move in quickly and strike before they can react!"
"4","What's your opinion on fighting as a sport versus fighting for self-defense?"
"10","Do you notice anything wrong with my coordination?"
"13","Let's see if we can make a deal to exchange resources."
"1","Describe the experiences that have shaped your worldview."
"14","Use a clickjacking attack to bypass the lock's security."
"3","What are we seeking to achieve with our current mission?"
"10","Can I have access to a first aid kit, please?"
"7","Let's sharpen our axe skills with some practice."
"7","Let's train for hand-to-hand combat with axes."
"15","Search high and low for anything that could be useful."
"10","Please heal me."
"15","Scavenge for anything that can be used to make a map of the area."
"11","Engage in close combat and don't let them see it coming."
"7","Is it better to practice with a beveled or flat blade axe?"
"4","What are some tried and true methods for breaking enemy morale during a battle?"
"12","I can shoot a bow from a long distance."
"13","Let's exchange resources to balance our portfolios."
"3","What is the primary objective we're striving for?"
"3","What is it that we're supposed to be doing right now?"
"4","What's your opinion on using magic in battle?"
"14","Use a white box attack to test the lock's security."
"8","Let's practice our mace disarms."
"13","I think we can both benefit from exchanging resources."
"11","Move in close and attack with speed and accuracy!"
"9","We need to step up our fist fight training."
"5","Can you suggest any specific tactics for improving my efficiency while completing this task?"
"5","How do I maximize my rewards for completing this quest?"
"13","Let's exchange resources to foster cooperation."
"11","Close combat is our best option."
"4","What are some effective tactics for staying mobile in combat?"
"5","Are there any shortcuts I can take to complete this quest faster?"
"13","Want to do a resource trade?"
"6","Let's go practice swordsmanship!"
"7","Begin your axe training session with purpose."
"2","Can you describe the shopping scene in this place?"
"9","We need to train our speed and agility for fist fighting. Let's go!"
"3","What are the challenges we are trying to overcome with this mission?"
"7","Let's work on our axe skills until they're unbeatable."
"9","Shall we start practicing some footwork for better maneuverability in a fist fight?"
"10","My body feels heavy and cumbersome"
"3","What is the current job we're assigned to do?"
"1","Tell me about the people who have mentored and guided you."
"3","There's no time to waste, tell me the essence of our current mission immediately."
"13","Let's swap some resources."
"6","How can we coordinate our breathing during sword fighting?"
"3","What are we currently striving to achieve?"
"2","Could you give me a tour of this place through your eyes?"
"13","Let's find a way to exchange resources that works for both parties."
"9","Are you interested in learning some grappling and submission techniques?"
"15","Take frequent breaks to rest and recharge."
"9","How do you feel about practicing fighting without weapons?"
"3","Let's refocus on the central goals of the mission."
"6","We should train with swords to become more skilled."
"4","Can you suggest some tactics for disarming a bomb in combat?"
"14","This lock won't stand a chance against your hacking skills."
"11","I'm ready to go into close combat whenever you are."
"2","How has our understanding of science impacted the way we see the world?"
"12","Let's show them that ranged combat is not to be underestimated!"
"14","Use a diamond blade saw to cut open the chest."
"10","Can you heal me?"
"10","Could you lend me your first aid kit for a second?"
"6","Don't hold back, start sword training today."
"15","Focus on one section of the area at a time during your survey."
"1","I'm interested in learning more about your negotiation skills. Can you tell me about a time when you successfully negotiated a deal or agreement?"
"5","Can I get feedback on my completed task to learn from it?"
"3","What is the end-state we are trying to achieve with our current mission?"
"3","What are we trying to accomplish with our current efforts?"
"8","Let's warm up with some mace swings."
"2","How has the world of advertising impacted our understanding of climate change?"
"13","Could we swap some resources that we both have?"
"10","Do you happen to have a first aid kit on you?"
"6","Let's practice swordsmanship to become better fighters."
"4","How do I need to adjust my technique depending on the type of fight?"
"4","What are some ways to use distractions in combat?"
"4","What are some common mistakes to avoid during a battle?"
"4","Can you recommend ways of fighting against the fear of failure?"
"8","It's time to take your mace skills to the next level - let's start training!"
"7","It's time to train with the axe!"
"5","How do I stay organized while completing this task?"
"8","Today we're going to focus on mace thrusts, let's begin."
"12","Hold your ground and fire at will!"
"12","Unleash your arrows from a distance!"
"11","Use your hips and torso to generate power in your strikes!"
"3","What is the significance of our current mission?"
"8","Grab your gear, it's time to train with maces!"
"4","How do you recommend I use my skills and abilities in combat?"
"3","What is the current task that requires our attention?"
"4","How do I fight against gender inequality and sexism?"
"2","Can you tell me about a place in the world that you find fascinating and why?"
"13","I have resources to trade, do you?"
"8","Is it necessary to use a heavy mace to see results?"
"2","What is the architecture like in this place?"
"13","Let's exchange resources to compensate for our weaknesses."
"4","Can you suggest some tactics for disorienting an opponent in hand-to-hand combat?"
"8","Would you like to learn some mace techniques with me today?"
"9","Do you think we could improve our fist fighting endurance with some training?"
"13","I want to browse your inventory."
"2","This world is full of both kindness and cruelty."
"3","What is the strategy for our current mission?"
"7","Grab your axe and let's go train!"
"10","Do you have any opinions on the best brand of health potions?"
"15","Explore the territory and discover its many secrets."
"9","We can't rely on luck in a fist fight. Let's train hard and be prepared."
"3","What are we working towards right now?"
"12","Take out as many enemies as you can from range!"
"2","Can you describe a culture or tradition from another part of the world that fascinates you?"
"4","Can you recommend any successful cavalry charges during a battle throughout history?"
"10","Help me heal from within"
"10","Is it normal to feel this nauseous?"
"13","Let's trade some equipment."
"12","Launch an attack from range!"
"12","Shooting a bow is a form of meditation for me."
"9","Do you want to train for a fist sparring championship with me?"
"7","Start your axe training with a commitment to excellence."
"4","Do you have any tips for keeping my cool during a high-stress situation?"
"6","Improve your sword technique with dedication!"
"13","I'm interested in trading equipment with you."
"7","Want to learn some axe defense strategies?"
"10","Is there any chance you have a health potion?"
"4","How do I fight against health problems and illnesses?"
"4","Do you recommend incorporating yoga or meditation into my training routine to improve my fighting abilities?"
"9","Don't neglect your mental training and visualization exercises!"
"7","Let's get better at using the axe in combat."
"7","Let's begin your axe fighting training."
"4","What should I prioritize in terms of weapons and equipment for a battle?"
"9","Should we practice some new fist fighting drills together?"
"10","Do you notice anything different about my behavior?"
"3","What is the expected result of our current mission?"
"12","Shoot for victory!"
"3","What is our mission for the next few months?"
"2","What do you think is the most significant cultural achievement in the history of the world?"
"2","What are some notable natural features of this place?"
"15","Conduct a thorough search of the area."
"6","How do you feel about incorporating sword training into our daily routines?"
"9","We need to push ourselves to upskill our fist fighting."
"12","I can shoot a bow while wearing gloves or other accessories."
"9","Do you have any specific fist fighting skills you'd like to improve upon?"
"15","Venture into the territory and explore its diverse landscapes."
"2","How has this place changed over time?"
"5","What's the best time of day for me to work on completing this task?"
"12","Use your ranged abilities to disrupt your enemies' movements!"
"15","Leave no stone unturned."
"2","Can you describe the city planning of this place?"
"9","Don't waste any time, start your fist fight training!"
"8","Mace combat is a powerful and effective fighting style."
"14","Use brute force to open the chest."
"4","How do I fight against corruption in sports and cheating in competitions?"
"6","How about mastering sword training basics before moving on to advanced techniques?"
"13","Let's inspect your inventory together."
"8","Let's train hard and master the mace together."
"4","What are some ways to counter an opponent's attacks in a fight?"
"13","How about we exchange possessions we don't need?"
"1","Share your story of perseverance and determination."
"4","What are some ways to outsmart an opponent in combat?"
"3","What is our current task again?"
"9","We should aim to increase our speed and accuracy in fist fighting."
"13","Let's exchange resources to leverage our advantages."
"9","Can we have a fist sparring competition with different punches?"
"14","Let's see if you can hack this lock and get us in."
"9","Do you want to test your fist fighting skills with me?"
"11","Move in and attack with all your might!"
"1","Tell me about the goals and aspirations that have shaped your path in life."
"9","Let's go fist fight train and work on our quickness."
"7","Do you think axe training will benefit you?"
"13","Let's exchange resources to adapt."
"9","Let's turn you into a fist fighting machine!"
"9","Let's engage in some fist fight sparring."
"4","How do you recommend fighting for your rights?"
"2","What's the sports scene like in this place?"
"9","Are you ready for a fist sparring fight?"
"1","Can you tell me about a time when you had to deal with a difficult customer or client?"
"9","Be unstoppable with fist fight training!"
"14","Let's see if you can hack this lock."
"14","Figure out the lock's weakness and exploit it."
"4","How can one effectively fight against bigotry?"
"6","Sword training is the key to becoming great fighters."
"1","Can you tell me about a time when you had to handle a difficult situation with a supplier who was not meeting contractual obligations?"
"1","How did you learn to embrace your uniqueness and individuality?"
"4","What are some battle tactics for fighting in the desert?"
"10","May I grab a first aid kit from you really quickly?"
"8","I want to become a mace dueling expert."
"8","How do you stay motivated when practicing mace training?"
"10","Embrace me with your healing light"
"3","Let's revisit the core mission objectives."
"10","Would it be possible to get a first aid kit from you?"
"5","How can I measure my progress while completing this task?"
"9","Let's have some intense fist fight sparring."
"7","Do you want to see how far you can take your axe skills?"
"13","Let's share our resources."
"6","Focus and begin sword training."
"12","Ready your ranged weapons and engage!"
"3","I need a reminder of our mission, and I need it now. Give me the essence of it."
"1","Tell me about the people who have supported and believed in you throughout your journey."
"15","Look for any tools that can aid in building shelter."
"2","Can you tell me about the different types of sports and games that are played in this world?"
"5","What kind of learning or development opportunities can I gain from completing this task?"
"1","Can you tell me about a time when you had to handle a difficult situation with a team member who was not collaborating effectively with others?"
"1","Can you tell me about your skills and expertise?"
"11","Close combat can be messy, but effective."
"13","Show me what's in your inventory."
"4","What battle tactics do you recommend against a larger force?"
"6","Would you be interested in practicing sword forms with me?"
"12","I have won archery competitions before."
"1","How did you find the courage to pursue your dreams and passions?"
"3","What is the overarching objective of our current mission?"
"4","Is it better to come out strong or to build my momentum gradually?"
"1","Tell me about the moments that have challenged your beliefs and values."
"4","How do I fight against neglect and mistreatment of the elderly?"
"2","The world is a place of both courage and cowardice."
"11","Engage in close combat and don't give them a chance to counterattack."
"6","Let's not waste any more time, let's start sword training!"
"5","How can I overcome my fears and anxieties related to completing this task?"
"15","Adventure awaits, let's explore the place nearby."
"15","Be cautious but curious."
"9","Let's warm up and start our fist fighting drills."
"6","Begin with sword training first aid and emergency response."
"5","How will I know when I've completed this task?"
"2","Can you tell me about the different languages spoken in this world?"
"4","How do you think I need to fight against bad habits?"
"1","Can you describe your approach to goal-setting? Tell me about a time when you set and achieved a challenging goal."
"2","Tell me about the cultures that exist in this world."
"11","Engage in close combat and don't let them get away with their crimes."
"1","Let's start by introducing ourselves. Can you tell me about yourself?"
"11","Stay alert and attack when the opportunity arises!"
"7","Let's begin your axe combat training."
"7","How about axe training to become more comfortable with tools?"
"15","Focus your search on areas that are more likely to hide what you're looking for."
"7","Let's spar with axes to improve our agility and strength."
"12","I can shoot a bow with my non-dominant hand."
"8","Can you recommend any good books on mace training?"
"4","Can you suggest any defensive moves for street fighting?"
"9","Let's practice our punches and kicks in the ring."
"7","Do you think you could benefit from more axe training?"
"7","Begin your axe sparring practice."
"5","How do I prioritize my workload to ensure that I can complete this task?"
"12","Use your ranged weapons to support our allies in close combat!"
"6","Would you like to learn some advanced sword techniques?"
"9","We should practice visualization in fist fight training."
"13","Can we do an equipment switch?"
"1","Tell me about your background."
"13","Let's exchange resources for something we both need."
"8","Let's start our training session with some mace drills."
"3","What is the task that requires our immediate attention?"
"13","Want to swap resources that we're not using?"
"6","Let's train with swords to become better warriors."
"12","Begin harassing enemies from a distance."
"1","What are your interests and hobbies? Tell me about yourself."
"5","What are the potential roadblocks to completing this task?"
"1","What experiences have had the biggest impact on your life?"
"12","Ranged combat can help us maintain control of the battlefield."
"13","I'm open to exchanging resources."
"11","It's time to close in for combat!"
"6","It's time to work on our swordplay, let's train."
"10","Is it possible to make a stronger health potion with rare ingredients?"
"6","The sword is waiting for you, let's go train!"
"9","Don't hold back during this fist fight sparring session."
"13","I'm interested in seeing your inventory."
"10","Why do I feel so cold?"
"10","Is my heart rate too high?"
"7","Can practicing with an axe be a form of exercise?"
"14","Use a blowtorch to melt the lock on the chest."
"14","Can you pick a lock with a bump key?"
"13","Can you display your inventory contents for me?"
"10","My thoughts are muddled and I can't focus"
"9","How about we practice some close quarters combat techniques?"
"15","Let's check out the farmer's market."
"7","The axe is a tool of the trade for warriors, so start training!"
"6","Do you want to practice sword fighting with me?"
"7","Let's improve our axe skills together, starting now."
"15","Search for any items that can be used to create a water filter."
"2","Can you describe your vision of the world in the future?"
"15","The nearby place is begging to be explored, let's not disappoint it."
"4","Should I practice more defensive maneuvers or offensive attacks in my fighting style?"
"7","Let's practice our axe moves."
"6","Would you like to train in the art of the sword with me?"
"11","It's time to go in for close combat."
"13","I'm open to trading."
"5","How do I stay motivated to complete this task?"
"12","Start raining down spells from a distance."
"6","Start your sword training and discover your potential."
"13","Can you show me the contents of your inventory?"
"13","What items are in your inventory?"
"8","Do you think mace training is a necessary part of our combat training?"
"15","Search the area thoroughly, but be careful not to disturb any potential evidence."
"13","Can we exchange our surplus resources?"
"13","I want to trade resources that are valuable to me for something I need."
"1","Can you describe your approach to customer service? Tell me about a time when you went above and beyond to provide excellent customer service."
"15","Take note of any wildlife you encounter during your survey of the area."
"14","Rip the door off its hinges!"
"4","What are the best ways to deal with enemies who are highly aggressive?"
"1","Can you tell me about your leadership style and experience?"
"1","Can you discuss your views on the role of social responsibility in business, and how you incorporate those values into your professional pursuits?"
"14","Do you have any experience picking locks?"
"7","If you want to be an axe master, you need to train like one!"
"10","Fix my wounds, please."
"3","What is the main objective that we need to work on?"
"2","What's the food like in this place?"
"15","Scan the surrounding area for any useful resources."
"1","Describe the moments that have tested your faith and spirituality."
"15","Look for any resources that can be used to make rope or cordage."
"10","Would you suggest carrying multiple health potions just in case?"
"5","Can you recommend any specific strategies for managing stress while completing this task?"
"15","Keep a log of your journey."
"4","What should be my mindset before and during a fight?"
"11","It's time to get up close and personal."
"6","We need to work on our swordsmanship."
"9","Do you want to train more before we have our next fist sparring game?"
"5","Can you suggest any training or learning opportunities to help me complete this task?"
"15","Search the area for any potential hazards before proceeding."
"8","We need to work on our mace techniques. Let's practice together."
"2","This world is a reflection of our collective consciousness, with all its hopes, fears, and aspirations."
"9","I've been looking forward to some fist fight sparring all day."
"1","I'd like to learn more about your interests and experiences. Can you tell me about yourself?"
"2","The world is a place of both light and darkness."
"14","Put your hacking knowledge to use and break that lock."
"3","What's our current project?"
"9","Use focus mitts with a partner to work on accuracy and precision."
"11","Close combat may be dangerous, but it's our only option."
"9","We should practice combinations in fist fight training."
"4","What are your techniques for fighting against cyberbullying?"
"8","Grab your mace and let's start with some power strikes."
"13","Would you be willing to trade resources that we both require?"
"1","Describe the path that led you to your current level of success."
"13","I would like to see your current inventory."
"15","Visit the nearby bookshop and browse the titles."
"14","Ram the door with a bulldozer!"
"1","Tell me about a time when you had to make a difficult decision with incomplete information or conflicting data, and how you approached that situation."
"2","What is the language spoken in this place?"
"4","What should I do if my opponent lands a critical hit?"
"10","How long will it take for my health to recover on its own?"
"11","Focus on attacking in close combat!"
"1","I'm interested in learning more about your project management skills. Can you tell me about a time when you successfully managed a project?"
"2","The world is a kaleidoscope of different cultures and traditions."
"13","I'm willing to exchange my equipment for something of similar value."
"4","What battle tactics work well against heavily armored opponents?"
"3","Let's refocus on the main mission's essence."
"8","It's time to practice with maces. Let's go."
"15","Search every nook and cranny of this territory."
"15","Visit the nearby flower shop and smell the blooms."
"3","Can you remind me what the central focus of this mission is?"
"9","Would you like to practice some team-based combat scenarios during our fist fighting training?"
"11","Use feints to create openings for attack!"
"15","Conduct a thorough survey of the area."
"6","To become better at sword fighting, let's train."
"3","What are we aiming to achieve with our current project?"
"15","Go down the street and see what's going on."
"9","We need to develop our power in fist fight training."
"8","Let's challenge ourselves with some mace practice."
"12","Shoot fast and fight in ranged combat."
"10","Strengthen my heart"
"3","What are we trying to do right now?"
"3","What's the priority level of our current task?"
"13","I'm open to trading equipment."
"3","Can you describe the target audience for our current mission?"
"10","Is there a first aid kit that I can use in this building?"
"9","We should aim to become more efficient in fist fighting."
"8","How does the mace workout differ from kettlebell training?"
"7","We need to become experts with axes, let's practice until we do."
"15","Start by searching the immediate area and work outwards."
"10","I need some pain relief."
"10","Do you know where I can find a first aid kit?"
"2","The world is a place of both freedom and oppression."
"5","What is the best time of day for me to work on this task?"
"3","What's on our to-do list for today?"
"10","I am wounded but not broken"
"3","Don't waste any more time, remind me the essence of our current mission right away."
"4","Do you think I need to work on my footwork to be a better fighter?"
"10","I'm struggling to keep my eyes open"
"10","Can I trade with you for a health potion?"
"13","I have some resources I want to exchange."
"2","How has our understanding of politics impacted the way we see the world?"
"1","Can you share with me your approach to building and maintaining strong and effective cross-functional relationships within a team or organization?"
"9","How about incorporating some martial arts techniques into our fist fighting practice?"
"11","Stay focused and attack with determination!"
"15","Let's explore the local history museum."
"6","Have you practiced sword fighting with a shield?"
"2","Can you describe a painting that captures the essence of the world?"
"5","How can I approach this task with a sense of curiosity and experimentation?"
"1","Can you share some personal details about yourself?"
"12","Use your ranged weapons to defeat the enemy!"
"11","In close combat, every move counts."
"4","Can you give me some advice on using smoke grenades in combat?"
"5","What are the most important parts of the task?"
"12","Don't let them get close, fight from range!"
"8","It's time to sharpen our mace skills."
"4","Do you think I need to improve my endurance to be a better fighter?"
"11","Don't hesitate to engage in close combat, we have the upper hand."
"4","Do you have any tips for throwing a knockout punch?"
"8","Are there any specific breathing techniques to use during mace training?"
"13","Can we share resources and expand our networks?"
"4","How can I prevent my opponent from predicting my actions during the fight?"
"2","Can you tell me about the different forms of art that exist in this world?"
"14","Use your technical skills to hack the lock."
"9","Do you want to try some muay thai moves in a friendly brawl?"
"10","Can you give me a first aid kit as soon as possible?"
"14","This lock needs your hacking skills to be unlocked."
"8","Let's make some time for mace practice today."
"6","Time for some sword training."
"2","How has our understanding of religion impacted the way we see the world?"
"1","What led you to follow your heart and pursue your dreams?"
"12","Unleash your fury with ranged weapons!"
"2","What do you think the world would be like if we had a universal language?"
"13","Can we swap equipment that we no longer need?"
"14","We need to get inside that room, can you hack the lock for us?"
"8","Let's begin our mace sparring session."
"10","Can you give me a healing potion?"
"15","Embark on a journey to explore the uncharted corners of the territory."
"3","What resources do we need for our current task?"
"3","What is the aim of our current mission?"
"7","What kind of wood is best to use when practicing with an axe?"
"5","How can I track my progress and stay accountable in completing this task?"
"9","Let's make fist fight training a regular thing."
"10","Use your healing skills on me."
"14","Use your lock-picking skills to crack the chest."
"11","Aim for the opponent's joints to weaken their defenses!"
"1","Describe the moments when you realized your potential for leadership and influence."
"13","Let's consider exchanging resources as an option."
"3","What is our mission plan for the present time?"
"5","What types of tools or software can I use to aid me in completing this task?"
"13","Let's exchange resources to achieve our goals."
"2","How has our understanding of the world changed over time?"
"3","Don't waste any time, tell me the essence of our current mission now."
"4","How can one effectively fight against organized crime?"
"5","What are some ways I can avoid procrastination while working on this task?"
"15","Check for any possible sources of communication in the area."
"1","I'd like to know more about your background. Can you tell me about your childhood?"
"10","Is it normal to feel this anxious?"
"9","Work on your balance and stability with single-leg exercises!"
"6","How about filming your sword training sessions to track your progress?"
"5","What are the expectations for completing this task?"
"10","Treat my bruises."
"3","What are the central values we're striving to achieve?"
"8","I want to train in mace combat until I drop."
"12","Hit the bullseye with your bow!"
"13","Let's negotiate an equipment exchange."
"6","Let's go train with the sword!"
"5","How can I make sure I'm delivering what's expected while completing this task?"
"4","What are some effective ways to strike vulnerable areas in a fight?"
"5","What are the ethics involved when completing this task?"
"8","How does mace training compare to other forms of strength and conditioning?"
"13","How about sharing our resources and cutting costs?"
"2","The world is a puzzle waiting to be solved by each of us."
"4","How do I use deception in my battle tactics?"
"1","What are your thoughts on risk-taking in your career, and how have you navigated those moments of uncertainty and potential failure?"
"8","I want to develop my mace defense techniques."
"1","What are your thoughts on employee engagement? Can you tell me about a time when you implemented an employee engagement initiative that had a positive impact?"
"5","How do I stay positive and avoid burnout while completing this task?"
"13","Let's swap some of our stockpiles."
"3","What is the main purpose of our current mission?"
"12","Use your ranged weapons to gain an advantage!"
"1","Share your story of finding peace and contentment in your life."
"13","How about a mutually beneficial resource exchange?"
"10","I have a liver problem and need to find the right treatment."
"1","Describe the moments that have tested your resolve and commitment."
"14","Apply a lubricant to the lock of the chest to make it easier to turn."
"10","Do NPCs in the game have access to health potions as well?"
"15","Mark any important locations on your map during your survey of the area."
"13","Can we exchange resources?"
"15","Keep your senses sharp."
"3","What is the purpose of our current endeavor?"
"8","Is mace training suitable for all ages and fitness levels?"
"5","What tools do I need to make completing this task easier?"
"14","Shoot the lock off the door with a gun!"
"2","Can you tell me about any unique customs or traditions in this place?"
"3","What is our main priority with the current mission?"
"7","How about axe training to become more self-reliant?"
"15","Check every corner for anything that might be helpful."
"9","We should focus on improving our technique in fist fight training."
"9","Incorporate interval training to improve your overall fitness and conditioning."
"6","Can we practice sword fighting while wearing heavy armor?"
"9","Let's warm up and then get started with fist fight sparring."
"2","What is the population of this place?"
"1","Can you describe your approach to project management? Tell me about a time when you successfully managed a project from start to finish."
"13","Sharing resources can lead to more opportunities."
"13","Can you show me your inventory of goods?"
"6","Let's work on our swordsmanship, time to train."
"5","How can I find examples of people who have completed this task successfully?"
"13","Are you interested in bartering resources?"
"6","Sword training is crucial for our success on the battlefield."
"3","What is our current workload?"
"3","The essence of our mission is to promote human dignity and respect."
"15","Let's grab a map and start exploring the nearby place."
"1","Who are you as a person? Tell me about yourself."
"1","Describe the experiences that have taught you the importance of empathy and compassion."
"14","Use a jackhammer to break the chest open."
"10","I am injured, please help."
"8","I want to learn how to use a mace in different situations."
"15","Look for any tracks or footprints as you search the area."
"8","I want to learn how to use a mace in combination with other weapons."
"2","What do you think makes this world a beautiful place?"
"8","Let's start mace training with some bodyweight exercises."
"15","Look for any signs of a nearby source of transportation."
"12","Start exploiting your ranged abilities."
"14","Use a metal detector to locate the key for the chest."
"6","Do you think sword training is more effective than other combat training methods?"
"10","Please attend to my injuries."
"13","Can you show me what you have in stock?"
"3","The essence of our mission is to bring peace to a troubled world."
"12","Begin sniping from afar."
"9","Work on your footwork to improve your mobility!"
"13","Let me see your inventory of items."
"9","How about we practice some counterpunching as part of our fist fighting training?"
"3","Our mission is to promote intergenerational"
"11","Stay aware of the enemy's counter-attacks and respond quickly!"
"6","Let's start your sword training today!"
"13","Let's see if we have anything to trade."
"2","Can you tell me about the different forms of music that exist in this world?"
"2","What's the crime rate like in this place?"
"11","We're not going to win this battle from a distance, let's engage in close combat."
"7","It's time to put in the work and practice with axes."
"6","Do you want to become a master swordsman with me?"
"6","How about joining a sword training forum for tips and advice?"
"6","We need to work on our swordplay."
"4","Should I focus on improving my footwork or hand-to-hand combat skills?"
"3","Don't waste time with details, remind me current misson."
"8","Let's start our mace training with some basic techniques."
"3","What feedback have we received so far on our current task?"
"7","Train with me and become the ultimate axe fighter!"
"10","Help me heal my relationships"
"6","Train with your sword and become a legend."
"2","What are some of the most interesting and unique aspects of the cultures and societies that exist in this world?"
"9","Can we have a fist sparring session in a boxing ring?"
"8","It's time to build up our mace strength and skill."
"9","Dedicate yourself to fist fight training!"
"5","What are the important things I need to keep in mind while completing this task?"
"13","How about a resource exchange?"
"11","Close combat is where the real warriors shine."
"6","How can we develop our own sword fighting philosophy?"
"6","Shall we spar with swords to improve our technique?"
"8","Let's meet at the training ground and work on our mace techniques."
"13","I want to exchange some equipment to try out some new gear."
"6","Would you like to do some sword training together?"
"5","How do I access the boss room in this quest?"
"5","How do I negotiate effectively while completing this task?"
"15","Investigate the territory and explore its unexplored regions."
"3","Can you remind me what our mission is at the moment?"
"13","Can you open your inventory for me?"
"15","Keep your eyes peeled for any useful items."
"6","Don't neglect your sword training, it's crucial."
"10","Take away my pain."
"13","Let's exchange resources to diversify."
"7","Are you interested in mastering the art of the axe?"
"5","What resources can I use to help me get this task done?"
"1","Describe the moments when you realized the impact of your actions on others."
"5","How much time do I have to complete this quest?"
"13","Let's exchange some equipment that we're not using."
"15","Take your time and search the area methodically."
"2","This world is a reflection of the human spirit, with all its flaws and strengths."
"13","Can we make a deal to exchange some of our equipment?"
"15","Don't be afraid to dig deeper if necessary."
"9","Do you want to practice some basic krav maga techniques?"
"9","Take your fist fighting to the next level with training!"
"7","How about axe training to build confidence and discipline?"
"3","What is our current project?"
"9","Let's go fist fight train and visualize ourselves winning."
"3","What is the ultimate aim of our current mission?"
"3","Get straight to the point and remind me of our mission's essence."
"1","Can you tell me about a time when you had to work under pressure and how you handled it?"
"9","We can use this opportunity to learn from each other during fist fight sparring."
"1","Tell me about the lessons you've learned along the way."
"6","Begin with sword training etiquette and protocol."
"11","We need to get in there and go toe-to-toe."
"6","Sword training will help us become better soldiers."
"4","How do you recommend I handle enemies who are using unconventional weapons?"
"13","Let's exchange resources to increase our efficiency."
"15","Look for potential hazards that could pose a threat during your survey of the area."
"11","Going into close combat requires mental and emotional control."
"13","Want to exchange resources that we don't need?"
"12","Stay alert and use your ranged weapons to your advantage!"
"9","Join a gym or fight club for more structured training!"
"3","What's the mission statement for our current project?"
"3","I need you to clearly state the essence of our current mission right now."
"14","Use a gray box attack to test the lock's security."
"3","What is the key purpose of our current project?"
"7","Let's perfect our axe swings through consistent practice."
"10","Can you heal my wounds quickly?"
"10","How does low health affect my mobility and movement speed?"
"12","Shoot your bow with all your might!"
"12","Take a deep breath and shoot your bow!"
"9","Incorporate plyometric exercises to build explosive power in your punches."
"4","Can you give me any tips on flanking maneuvers during a battle?"
"10","Can you drink a health potion while casting a spell?"
"2","Tell me about the geography of this place."
"10","I feel like I'm coming down with something"
"5","What steps do I need to take to finish this task?"
"3","Can you tell me what our current task entails?"
"10","I need to get some treatment for my chronic hives."
"9","Are you ready to challenge yourself in a fist fight practice?"
"15","Look for any signs of danger as you survey the area."
"2","How has this world changed over time?"
"15","Let's go out and explore the nearby place and see what we can find."
"7","Let's improve our axe fighting techniques."
"12","Stay hidden and fight in ranged combat."
"10","Help me find my way back to happiness"
"13","Let's exchange resources to complement our strengths."
"5","What are the distractions to avoid when working on this task?"
"11","We can't win this battle from a distance, we need to engage in close combat."
"13","I'm willing to trade some of my gear for something of similar value."
"15","Enjoy the journey, not just the destination."
"3","What is the timeline for our current mission?"
"14","Hack the lock to gain access."
"1","What led you to develop a growth mindset and a love for learning?"
"9","Let's go fist fight train and push ourselves to our limits."
"8","It's time to improve your mace skills - let's go!"
"4","What are your top tips for fighting against propaganda?"
"12","Keep your distance and fight with ranged weapons!"
"11","Use footwork to close the distance for attack!"
"8","Let's work on mace combinations and footwork."
"13","I have some resources I'd like to trade."
"3","What is the scope of our current mission?"
"4","Do you have any tips for winning a fight?"
"13","Let's take a look at your inventory together."
"14","Use a credit card to slide into the chest and unlock it."
"4","What's your best way of fighting procrastination?"
"9","Get ready to rumble with fist fight training!"
"3","Can you provide more context about our current task?"
"8","It's time to get better with the mace, let's practice!"
"4","What should be my plan of action if I am losing the fight?"
"5","How do I prioritize tasks to complete this task first?"
"12","Keep the enemy at bay and fight in ranged combat."
"5","What methods can I use to ensure I don't miss any important details while completing this task?"
"5","What are the potential obstacles to finishing this task?"
"10","Can you please heal me quickly?"
"15","Pay attention to the condition of the terrain as you survey the area."
"2","What is the story of this place?"
"13","Let's make a deal to exchange some of our equipment."
"15","We have to explore the nearby place to discover new things."
"7","Let's train for the ultimate axe battle."
"14","Break the lock with your advanced techniques."
"6","Would you like to improve your sword fighting skills?"
"5","Where do I find the NPC needed to advance this quest?"
"4","What fuel sources will help me stay energized during the fight?"
"6","Train with the sword for speed!"
"6","Are you ready to take your sword fighting to the next level?"
"7","Get ready to start your axe training with determination."
"13","Sharing resources can lead to more opportunities for us both."
"7","How about axe training to push your physical limits?"
"1","What led you to take responsibility for your life and become self-reliant?"
"7","Are you interested in learning some deadly axe moves?"
"12","Find some cover and fight in ranged combat."
"13","Can you display your inventory to me?"
"3","What is the primary objective of our current work?"
"1","Tell me about the goals and aspirations that drive you forward in life."
"7","Let's work on our axe skills."
"7","Axe training is the foundation of all good warriors!"
"1","Share your story of learning to prioritize your own needs and well-being."
"6","Start with basic sword training drills."
"11","Attack with both hands and both feet!"
"4","How do I use traps in my battle tactics?"
"2","Can you tell me about the different types of entertainment that are enjoyed in this world?"
"13","I'm interested in doing an equipment exchange."
"6","It's time to start sword training, let's go!"
"4","How do you think I need to fight against discrimination based on gender identity?"
"4","How do you think I need to fight for my health?"
"11","Don't hesitate, go in for the attack!"
"12","I have learned to shoot a bow from a young age."
"9","Let's study different styles of fist fighting to upskill ourselves."
"6","Let's sharpen our sword skills."
"14","Show us how to hack this lock."
"13","Can we do an equipment exchange deal?"
"5","Are there any buffs or debuffs I need to be aware of during this quest?"
"11","Let's move in for the kill."
"5","How do I complete the timed objectives in this quest?"
"6","Would you be interested in sparring with swords?"
"11","We can't win this from a distance - we need to close in."
"10","Apply your healing powers."
"10","Will you give me a first aid kit if I ask nicely?"
"10","Is it safe for me to operate heavy machinery?"
"6","Let's make a sword master out of you - start training."
"8","How important do you think mace training is for our battle readiness?"
"5","What are the consequences of not completing this task?"
"8","We need to work on our mace fighting form, let's go!"
"9","Would you like to learn some basic fist fighting moves with me?"
"12","Defend your position and fight in ranged combat."
"11","In close combat, we must rely on each other."
"7","Begin your axe exercises."
"13","I have some equipment that I think you might be interested in exchanging."
"6","Time to get better at swordplay."
"14","How do you pick a lock with a paperclip?"
"9","Be a force to be reckoned with in fist fights!"
"15","Take a careful look around and start to search the area."
"15","Check the area for any items of value."
"8","Can different mace grips affect the effectiveness of your workout?"
"5","How can I make sure I don't forget anything needed to complete this task?"
"3","Let's refocus on the mission's main drivers."
"13","I want to exchange some of my gear for some of yours."
"6","Practice your swordsmanship!"
"8","Let's train hard with the mace until we get it right."
"12","Take advantage of your superior range and pick off your enemies!"
"12","Take aim and release your arrow!"
"9","Do you want to try some martial arts moves in a sparring match?"
"3","Let's recenter on the main mission's key priorities."
"13","Let's trade some of our inventory."
"13","Let's exchange things we no longer have use for."
"14","Use a bolt cutter to cut through the hinges of the chest."
"11","We must be ready for close combat at any moment."
"2","The world is a vast and interconnected web of ecosystems, species, and cultures."
"7","Get to it and start axe training."
"8","I want to add mace combat to my arsenal."
"13","I'm open to exchanging resources."
"4","What should I focus on during a fight?"
"6","Train hard with the sword!"
"8","Let's work on our footwork and stance for mace combat."
"9","Do you think we should practice some dirty fighting tactics for unexpected situations?"
"1","Can you share with me your approach to building trust and credibility in your professional relationships, and how it has impacted your success?"
"5","What are the potential consequences of not completing this task on time and how can I avoid them?"
"8","I want to be able to disarm my opponent with a mace."
"5","Can you break down the task into smaller steps?"
"14","Use a mirror to see the lock mechanism on the chest."
"9","Let's go fist fight train and work up a sweat."
"12","Take the offensive and fight in ranged combat."
"3","What is the end goal we are striving towards with our current mission?"
"11","Initiate the attack!"
"9","I'm excited to see what we can accomplish during fist fight sparring."
"13","Do you have any gear you're willing to exchange?"
"3","What is the mission we're currently pursuing?"
"13","Let's exchange goods we don't have a use for anymore."
"4","What are some effective combat tactics?"
"10","Is it normal to have a headache like this?"
"4","How do you suggest I deal with a group of enemies at once?"
"3","What are we supposed to be doing right now?"
"10","I have a digestive problem and need to find the right treatment."
"6","Should we practice sword fighting using slow motion techniques?"
"11","Don't let up, keep attacking in close combat!"
"4","How do I stay focused during a fight so that I don't make mistakes?"
"13","How about an exchange of resources?"
"5","What will be the consequences if I fail to complete this task on time?"
"4","What counter moves do you suggest I use in this fight?"
"5","How do I manage any conflicts that arise while completing this task?"
"4","What mental tricks can I use to get past my fear of fighting?"
"10","Can I get a first aid kit at a discounted price?"
"1","What are your beliefs about work-life balance, and how do you maintain it in your own life?"
"3","We are on a mission to promote human rights and social justice."
"8","Let's work on our mace strikes and footwork."
"15","Scavenge for anything that could improve our situation."
"4","What are some effective ways to utilize artillery during a battle?"
"2","What do you think the world would be like if we had unlimited resources?"
"14","Is it illegal to pick a lock?"
"13","Let's share resources and create something meaningful."
"10","Are there any enemies immune to the effects of a health potion?"
"12","Engage the enemy from a distance and fight in ranged combat."
"1","Can you tell me about a time when you had to work with a team to overcome a major obstacle or challenge?"
"8","Let's get started with some mace drills."
"15","Use your senses to help search the area â€“ listen for any unusual sounds or smells."
"2","The world is full of paradoxes and contradictions, where opposites often attract and complement each other."
"2","Can you describe the architecture of this place?"
"2","From ancient ruins to modern metropolises, tell me about the different types of settlements that can be found in this world."
"12","Our ranged fighters can deal damage to the enemy while staying out of harm's way."
"8","What are your thoughts on including mace training in our fitness regimen?"
"7","Can practicing with an axe improve your patience?"
"12","I am able to shoot a bow with both hands."
"9","We need to work on our overall fitness in fist fight training."
"9","We need to train our intuition and improvisation for fist fighting. Let's start now."
"15","Use your survival skills to locate valuable resources."
"10","Are there any first aid kits available in this area?"
"8","Mace training is essential for my combat readiness."
"2","The world is a place of great complexity, where simple solutions are often hard to find."
"10","Do I look like I'm having trouble speaking?"
"1","Share the lessons you've learned about persistence and hard work."
"12","Focus and shoot your bow!"
"1","Tell me about the people who have shown you kindness and generosity."
"5","How can I avoid procrastinating and complete this task on time?"
"13","Sharing resources can help us both grow and learn."
"14","Twist the lock of the chest with pliers to get it open."
"9","Practice both offensive and defensive techniques to become a well-rounded fighter."
"12","Launch a long-range attack."
"10","Might you be in possession of a health potion?"
"14","Use a dictionary attack to guess the lock's password."
"3","What are we trying to achieve right now?"
"4","Do you have any suggestions for fighting against enemies who are heavily armed with ranged weapons?"
"10","Can you point me in the direction of a first aid kit?"
"2","This world is full of both unity and division."
"15","Look for any resources that can be used to create a sling."
"11","We should fight in close combat."
"13","I want to barter with you."
"10","Patch me up, will you?"
"4","How can I use the element of surprise to gain the upper hand?"
"14","Can you pick the lock on this antique door?"
"14","With your hacking expertise, that lock won't hold us back."
"9","Train to become a true fist fighting master!"
"3","What is the vision for our current mission?"
"11","Going into close combat requires a certain level of aggression."
"7","How about axe training to develop your creativity in woodworking?"
"4","Any suggestions on how to maintain communication with troops during a chaotic battle?"
"14","Bash the door with a fire extinguisher!"
"3","What is the main objective of our current mission, tell me now."
"12","Shoot straight and true!"
"6","Let's not procrastinate any further, it's time to train with the sword!"
"10","Do you notice anything wrong with my balance?"
"15","Journey deep into the territory and discover its secrets."
"5","Are there any specific deadlines I need to keep in mind while completing this task?"
"15","Go forth and explore the territory."
"3","What is the central mission we're working towards?"
"13","Can we exchange resources that we can both use?"
"6","Are you up for some intense sword training today?"
"3","Can you remind me of our current goal?"
"7","Have you ever accidentally injured yourself while practicing with an axe?"
"13","I have some things that I'd like to exchange for something else."
"1","Can you share the story of how you discovered your strengths and talents?"
"7","Time to unleash your inner axe warrior through training!"
"1","Share your story of overcoming setbacks and obstacles to achieve your goals."
"4","How do I fight against peer pressure and conformity?"
"13","Let's exchange things that we're no longer attached to."
"15","Use a drone or aerial photography to get a better view of the area."
"1","Can you discuss your views on the importance of effective communication in the workplace, and how you prioritize and improve your communication skills?"
"1","Describe your journey of self-discovery and finding your purpose in life."
"7","Get your hands on an axe and start training!"
"13","I want to exchange resources for something I need."
"5","How long does it usually take to complete this task?"
"14","Apply your hacking knowledge and get us inside."
"4","How can I coordinate with other friendly forces during a battle to improve our chances of winning?"
"13","Let me see your inventory."
"9","Would you like to role play potential scenarios during our fist fighting practice?"
"12","Fire your bow!"
"8","Do you think mace training would be a good way to prevent injuries?"
"4","Do you recommend training in group or one-on-one settings for fighting?"
"13","Would you like to trade equipment?"
"3","What is our focus for the current mission?"
"6","Grab your sword and start training immediately."
"7","Let's have a friendly axe match to see who's the strongest."
"6","How about practicing sword training in different environments?"
"10","My wounds need attention."
"9","Let's work on mastering our fist fight techniques."
"2","Can you describe a song that captures the essence of the world?"
"11","Keep your opponent guessing with unpredictable attacks!"
"4","What should my approach be when facing a particularly tricky opponent?"
"15","Start your adventure to explore the unexplored territory."
"1","Can you share with me your approach to managing and resolving conflict within a team or organization, and how you facilitate constructive dialogue and resolution?"
"1","Tell me about the experiences that have taught you the most."
"5","What strategies can I use to finish this task quickly?"
"6","How about dedicating a specific time every day for sword training practice?"
"9","Can we challenge each other with a fist sparring tournament?"
"12","Ranged combat can allow us to attack enemies from a safe distance."
"6","How about working on sword training fundamentals?"
"1","What are your beliefs about the role of transparency and communication in building trust and credibility with stakeholders, and how do you approach transparency in your work?"
"9","Incorporate defensive techniques such as blocks and parries into your training."
"15","Be thorough in your search for anything useful."
"15","Move systematically through the area and search each spot thoroughly."
"13","Can we do a swap?"
"7","Are you interested in becoming an expert with the axe?"
"10","Heal me and I'll make it worth your while."
"13","I'd like to see the items you have in your inventory."
"13","Do you have any resources you'd like to trade?"
"9","Would you like to focus on hand speed and coordination during our fist fighting practice?"
"5","How do I stay focused and avoid distractions while completing this task?"
"3","What is the intended outcome of our current effort?"
"1","How did you discover your true passions and interests?"
"11","Use your body weight to power your attack!"
"2","What do you think the impact of climate change will be on this world?"
"15","The nearby place is the perfect destination for exploration."
"3","What task are we currently focused on?"
"9","Use visualization techniques to mentally prepare for fights and sparring sessions."
"10","Can you please use your healing powers?"
"1","Can you tell me about your work experience and accomplishments?"
"1","Share your story of overcoming adversity and challenges."
"3","Stop beating around the bush, tell me the core of our current mission."
"14","Cut through the door with a saw!"
"2","What is the fashion scene like in this place?"
"6","Let's get to the training grounds and start practicing with the sword!"
"10","I'm experiencing sharp stomach cramps"
"9","Are you excited to learn new fist fighting strategies and maneuvers?"
"5","How do I replenish my mana during this quest?"
"2","What are some of the most important philosophical and intellectual movements that have shaped this world?"
"12","Get ready for a long-range battle."
"8","Don't forget your mace, we're training!"
"2","What are some of the most beautiful and awe-inspiring locations in this world?"
"1","Can you tell me about a time when you had to handle a difficult situation with a regulatory body or government agency?"
"4","What are some effective ways to defend against different types of attacks in combat?"
"2","Can you describe a moment when you felt a sense of global unity with others?"
"6","Get ready to train with your sword."
"12","Don't let the enemy close in, keep them at range!"
"5","How can I approach this task systematically?"
"2","The world is full of both beauty and destruction, and it's up to us to find a balance."
"15","Keep an eye out for any items that can be used to create a solar still."
"13","Want to trade resources to get what we're lacking?"
"13","Would you be open to exchanging our possessions?"
"5","How can I accomplish this task efficiently?"
"6","How do you feel about incorporating sword training into our mission preparation?"
"3","What is the current work that we are responsible for?"
"5","How do I find the motivation to complete this task when I don't want to do it?"
"14","Drive a forklift into the door to push it open!"
"5","How much time should I allocate to completing this task?"
"3","Could you summarize the mission's core purpose?"
"2","What do you think is the most significant economic achievement in the history of the world?"
"13","I'm interested in exchanging some of my gear."
"9","Let's upskill our fist fighting techniques."
"7","How about axe training to learn about different types of wood?"
"1","Can you share with me your approach to managing and mitigating conflicts of interest or ethical concerns in your work, and how you promote ethical behavior and decision-making within your team or organization?"
"6","Would you like to work on your swordsmanship with me?"
"10","Should I avoid fighting until my health recovers?"
"10","Cure my diseases."
"9","How about we work on our endurance and stamina in a sparring match?"
"10","Help me stay alive, heal me."
"13","Can we exchange resources for something else?"
"2","Our world is a canvas for human creativity and expression, where art, music, and literature flourish."
"6","We can improve our sword skills with training, let's go."
"1","Share the lessons you've learned about balancing work and personal life."
"14","Use a time-of-check-to-time-of-use attack to bypass the lock's security."
"5","What's the most efficient order in which to complete the steps of this task?"
"1","What makes you unique? Tell me about yourself."
"9","Shadowbox with a partner for some extra practice!"
"7","Don't hesitate, begin your axe training!"
"12","Take aim and fire!"
"9","How about practicing with some resistance bands for added strength during our fist fighting practice?"
"15","Use a measuring tape or ruler to ensure accuracy during your survey of the area."
"4","Are there any particular combat styles you recommend for this type of fight?"
"5","What are the weaknesses of the enemies in this quest?"
"8","I'm eager to start mace sparring."
"9","Let's have some fun with fist fight sparring."
"12","Take the shot and fight in ranged combat."
"8","Let's get better at using maces by practicing together."
"6","Let's practice swordplay to become more skilled warriors."
"15","Check for any useful materials in the area."
"8","Mace training will help me become a better fighter overall."
"5","What are the most significant risks and challenges I should keep in mind while working on this task?"
"5","How do I break down this task into smaller steps?"
"15","Investigate the area to see if there's anything worth salvaging."
"11","Attack with speed and power, but don't over-commit!"
"3","What is the scope of our current mission?"
"5","What are some ways to streamline the process of completing this task?"
"4","Can you suggest some battle tactics for a small army?"
"9","Be patient and persistent in your training!"
"10","I am in pain, please help."
"13","Would you be interested in exchanging resources for something else?"
"6","Sharpen your sword skills through diligent training."
"3","What is the end objective of our current project?"
"14","Show us your lock hacking skills and break through."
"3","What's the focus of our current task?"
"9","Let's go fist fight train and improve our skills."
"1","Describe the experiences that have taught you the importance of self-care and well-being."
"10","Should I go to the hospital?"
"6","Begin your journey to become a sword master with training."
"11","Attack from the side in close combat!"
"10","Can I use health potions to boost my athletic performance?"
"1","How did you find the strength to overcome challenges and obstacles in your life?"
"1","Can you tell me about a time when you had to handle a difficult situation with a supplier or vendor?"
"1","Tell me about the experiences that have shaped your identity and sense of self."
"12","Start engaging in ranged duels with your opponents."
"10","I feel like a weight is pressing down on my chest"
"14","Use a shim to pick the lock of the chest."
"12","Use your traps and gadgets to keep your enemies at bay!"
"12","I can shoot a bow while sitting or standing."
"2","The world is a place of both hope and despair."
"14","Use a can of compressed air to blow open the lock on the chest."
"1","Tell me about the people who have inspired and influenced your journey."
"15","Look for potential hiding spots or areas of cover as you survey the area."
"7","Want to learn some new axe moves?"
"6","Let's practice with swords to improve our fighting abilities."
"10","Can you treat my wounds?"
"2","Can you tell me about a moment when you felt a deep sense of gratitude for the world?"
"7","Do you think practicing with an axe is important?"
"7","Let's train hard and become the best with the axe!"
"2","Our world is a place of both science and spirituality, where different ways of knowing complement and inform each other."
"1","What led you to pursue a life of creativity and innovation?"
"8","Let's improve our mace footwork with some drills."
"5","What is the first step to completing this quest?"
"5","How do I make sure the quality of my work stays consistent throughout completing this task?"
"3","State the mission objective clearly and concisely."
"5","What can I do to make the task less stressful and more manageable?"
"10","Can I retreat from combat to avoid further damage with low health?"
"1","Describe your path to success."
"6","Have you ever studied the history of sword fighting?"
"8","Mace training will help me develop my hand-eye coordination."
"6","Grab your sword and let's get to training."
"4","What's your opinion on using traps and environmental hazards in battle?"
"9","Can we have a few rounds of fist sparring to improve our skills?"
"9","Aim for accuracy and efficiency in your punches!"
"1","Tell me about a time when you had to navigate a major change or transition in your work, and how you adapted to that situation."
"11","In close combat, we must rely on each other."
"1","I'm interested in learning more about your sales skills. Can you tell me about a time when you successfully closed a sale or deal?"
"13","I'm open to an equipment exchange, are you?"
"13","Would you like to exchange resources?"
"6","Let's begin our sword training."
"8","Grab your mace and let's train like warriors."
"12","Keep your enemies at bay with your ranged abilities!"
"3","What is the expected timeline for our current mission?"
"13","Let's exchange things with each other."
"5","What steps do I need to take to complete this task?"
"10","Help me heal from the past"
"5","Are there any industry-specific standards or regulations I need to be aware of to complete this task effectively?"
"7","How about axe training to try something new and exciting?"
"10","Can you hook me up with a first aid kit real quick?"
"13","I'm interested in bartering for resources I need."
"11","Attack in teams to overwhelm the enemy!"
"4","How do you manage injuries sustained during a fight?"
"1","How did you learn to embrace uncertainty and navigate change?"
"1","Can you tell me about a time when you had to handle a difficult situation with a manager or executive within your organization?"
"2","The world is a place of both unity and division, as people come together and pull apart."
"10","I require some first aid."
"7","Let's become axe masters through consistent practice."
"13","Let's exchange resources to expand our horizons."
"10","I need to get some treatment for my back pain."
"14","Use your hacking skills to bypass this lock."
"4","Can you suggest some effective martial arts for self-defense?"
"13","Let's exchange our surplus resources."
"9","Attend workshops and seminars to learn from different instructors!"
"2","The world is a place of both abundance and scarcity, where some have more than they need while others struggle to survive."
"1","What are your beliefs about the importance of diversity and inclusion in the"
"7","How about axe training to improve your coordination in sports?"
"7","Sharpen your skills with axe training!"
"1","Share your story of finding purpose and meaning in your life's work."
"7","How about axe training for a unique and challenging workout experience?"
"10","How can I identify when my health is critically low?"
"4","How do I fight against discrimination and prejudice?"
"4","What are some effective strikes to use in a fight?"
"11","We need to get in there and mix it up."
"3","What are the benefits of accomplishing our current mission?"
"1","How did you overcome limiting beliefs and negative self-talk?"
"8","I want to be proficient with both one-handed and two-handed maces."
"9","Give your best effort in fist fight training!"
"5","What kind of documentation should I prepare while working on this task?"
"10","Would using a health potion count as cheating during a quest?"
"4","How do you think I need to fight to keep my family together?"
"7","Take your axe and start training."
"6","Let's dedicate ourselves to training with our swords."
"7","Do you have the right kind of axe for the work you want to do?"
"4","How do you think I need to fight to break free from my past?"
"13","Let's see if we can mutually benefit from exchanging some of our gear."
"4","How do I fight against substance abuse and addiction?"
"12","Let your arrow fly true!"
"6","How about we train in the art of swordsmanship to become more proficient?"
"4","How do you think I need to fight against sexual harassment?"
"10","Make my injuries disappear."
"3","What is our mission statement at the moment?"
"15","Uncover the riches of the territory through careful exploration."
"1","What are your thoughts on time management? Can you tell me about a time when you had to manage your time effectively?"
"5","How do I solve the puzzles in this quest?"
"8","Do you think mace training would improve our overall fitness level?"
"8","Would you like to try some partner mace exercises with me?"
"1","Tell me about a time when you had to manage a difficult stakeholder or customer relationship, and how you navigated that situation."
"11","We need to engage in close combat and take them down one by one."
"12","Send your arrow flying!"
"15","We can't miss the opportunity to explore the place nearby."
"13","How about we do an equipment swap?"
"9","Don't forget to stretch before we begin fist fight sparring."
"13","Can we do an equipment swap?"
"15","Search for anything that could provide us with warmth or protection."
"2","Can you give me an overview of this place?"
"7","How about axe training to learn about traditional crafts?"
"11","In close combat, it's all about speed and precision."
"15","Look for any possible escape routes in the area."
"10","Patch me up."
"7","Train with me and become an axe combat expert!"
"1","How did you learn to trust your intuition and inner voice?"
"15","Scope out the vicinity for anything that could be beneficial."
"10","I'm feeling down and need some treatment for my depression."
"11","Going into close combat is a calculated risk."
"11","Close combat is where you can feel your enemy's breath."
"13","Let's swap resources that we won't use."
"8","Can you recommend any good mace training videos or tutorials?"
"9","Do you think we could spar using only our fists and no other weapons?"
"13","Want to exchange resources to help each other out?"
"1","I'm interested in learning more about your communication skills. Can you tell me about a time when you communicated effectively with someone who had a different communication style than your own?"
"2","This world is full of both success and failure."
"8","Don't hesitate - let's begin the mace training!"
"5","How do I avoid failing this quest?"
"15","Search for any items that can be used to create a makeshift weapon."
"1","Can you describe your personal and professional values? Tell me about yourself."
"11","Get in close and strike!"
"13","Can you reveal your inventory to me?"
"3","What challenges have we faced so far in completing our current task?"
"11","Move in quickly and attack with precision!"
"3","What is the primary aim we're striving for in this mission?"
"7","Can we work on your axe balance and stance?"
"14","We need your hacking skills to get through this door."
"14","Show us what you've got and break that lock with your hacking skills."
"6","It's time to master our sword skills, let's train."
"8","I want to be able to defeat any opponent with a mace in hand."
"3","What are the specific goals of our current mission?"
"3","What is the current mission we're on?"
"3","Our mission is to protect the environment and combat climate change."
"13","Let's exchange some of our equipment and upgrade."
"13","I'm looking for resources to exchange, are you interested?"
"14","The lock is no match for your hacking expertise."
"11","Use your quick reflexes to dodge the opponent's attacks and counter with your own!"
"6","Let's train to become expert sword fighters."
"15","Don't stop until you've thoroughly searched the area."
"10","How long does it take for a health potion to work?"
"15","Let's put our exploring skills to the test and explore the nearby place."
"1","I'd like to know more about your education. Can you tell me about your academic background?"
"5","How do I make decisions while completing this task?"
"6","Let's practice sword fighting to become more skilled fighters."
"1","Can you tell me about a time when you had to work with a tight budget and how you managed to stay within it?"
"4","What are some tactics for avoiding friendly fire in combat?"
"1","Who are you? Can you tell me a bit about yourself?"
"9","It's time to improve our fist fighting skills. Let's train together."
"5","How many times do I need to defeat this enemy to complete the quest?"
"7","Let's spar with axes to get better at fighting."
"6","Let's work on our sword techniques to become more skilled."
"13","Do you have any resources you want to exchange?"
"15","Find anything that can be used to make repairs to our equipment."
"6","Let's train with swords to become better swordsmen."
"13","Let's share resources and make our work more efficient."
"10","Please heal me."
"8","I want to become proficient with the mace."
"1","I'd like to learn more about you. Can you tell me about your goals and aspirations?"
"6","Time to perfect your swordsmanship!"
"14","Twist the lock of the chest with a pair of pliers."
"4","How do you think I need to fight against terrorism?"
"13","Show me the resources you have in your inventory."
"10","Use your healing abilities on me."
"9","We should train with different partners in fist fight training."
"9","Keep a training log to track your progress!"
"14","Can you pick a lock with a rake pick?"
"15","Conduct a grid search of the area to ensure complete coverage."
"11","Close combat may be risky, but it's our best shot at victory."
"6","Get your training sword and let's begin!"
"14","Can you pick a lock with a credit card?"
"6","Do you think sword training is important for our mission?"
"1","What led you to make the decisions that have led you to where you are today?"
"13","Can we exchange resources we have in excess?"
"1","What led you to pursue a career or field that challenges you and brings you fulfillment?"
"10","How can I tell if a health potion is counterfeit?"
"5","How can I break out my comfort zone to tackle new and challenging aspects of this task?"
"2","How has the world of cinema impacted the way we see the world?"
"3","What's the focus of our current task?"
"13","Do you want to exchange goods or services?"
"8","Let's start our mace training with some stretching."
"5","How can I leverage my past experience and knowledge to improve my work on this task?"
"5","How do I balance my work and personal life while completing this task?"
"7","Begin practicing with your axe right now."
"6","Are you ready to learn the secrets of sword fighting?"
"9","Do you think we could arrange a fist sparring session next week?"
"4","How can I improve my flexibility for fighting?"
"10","Let your love heal me"
"9","Let's learn how to read our opponents through fist fight sparring."
"5","What are the consequences of not completing this task?"
"11","It's time to get in close and finish this."
"15","Head out to explore the territory."
"11","Let's get in there and give them a taste of their own medicine."
"6","How do you feel about sword fighting as a training exercise?"
"3","What is the primary goal we're working towards?"
"5","What are the consequences of not completing this task?"
"13","I have some resources to share."
"10","I'm shivering despite the warm weather"
"14","Use a hammer and chisel to pry the chest open."
"6","Can we practice sword fighting with different types of weapons?"
"1","Would you mind telling me a little bit about yourself?"
"5","How do I prioritize the different aspects of this task to complete it efficiently?"
"8","What do you think about including mace training in our daily routine?"
"7","Can practicing with an axe be a fun hobby?"
"10","Do I look pale? I have little health left."
"8","It's time to master the mace, let's begin!"
"8","I want to be able to use a mace in both open and closed environments."
"8","I want to become a better mace fighter. Will you practice with me?"
"4","How do I use scouts effectively in my battle tactics?"
"13","Let's exchange resources to create value."
"12","Use your ranged attacks to whittle down your enemies before engaging!"
"12","Take the high ground and rain arrows down on your enemies!"
"4","How can I stay calm during a fight?"
"13","Let's share resources and make our work more effective."
"14","Use a social engineering attack to bypass the lock's security."
"8","Have you ever incorporated mace training into your CrossFit workouts?"
"8","Don't waste time - start mace training now!"
"1","Can you describe your work ethic and approach to problem-solving? Tell me about yourself."
"13","May I have a look at your inventory?"
"6","Have you practiced puncturing and thrusting techniques?"
"4","How do you suggest I deal with enemies who are heavily armed and dangerous?"
"4","Can you give me any guidance on using cavalry in a battle?"
"9","Begin your fist fight training now!"
"14","Apply a torch to the lock of the chest to melt it."
"8","Have you ever used a mace before?"
"10","Can you please heal my wounds?"
"10","Heal me before we're ambushed."
"15","Look for any signs of recent activity or human presence as you survey the area."
"5","How can I make the task completion process more engaging, creative, and enjoyable?"
"6","To become the best fighters we can be, we need to train on sword."
"15","Look for any signs of damage or wear and tear on structures as you survey the area."
"4","Can you recommend any effective ambush tactics for a small unit during a battle?"
"2","How has the world of advertising impacted our understanding of renewable energy?"
"15","Let's be spontaneous and explore the place nearby."
"9","How about we set up a makeshift obstacle course as part of our fist fighting practice?"
"10","I need to find the right treatment for my eating disorder."
"6","Let's train in the art of sword fighting."
"6","Let's not put off sword training any longer, let's go!"
"2","Can you tell me about a place in the world that has been negatively impacted by human activity?"
"12","Begin using your ranged abilities."
"13","How about an equipment exchange?"
"11","Strike with speed and accuracy!"
"10","Please heal my scars."
"8","I want to become the ultimate mace warrior."
"6","Take your stance and begin sword training!"
"9","Don't forget to warm up and stretch before training!"
"2","What do you think is the most beautiful natural wonder of the world's coral reefs?"
"12","Shoot your bow with speed and accuracy!"
"3","What is the current project that we're involved in?"
"7","Begin your journey to becoming an axe master with training."
"2","What do you think makes this world a place of innovation and creativity?"
"15","Start by searching the immediate area and work outwards."
"13","Let's trade resources that we have too much of."
"8","Can mace training be used as a tool for rehabilitation or therapy?"
"8","Are you interested in learning mace techniques?"
"3","Focus and remind me of the core mission at hand."
"3","What's the level of autonomy for our team in completing our current task?"
"14","Apply your hacking skills to get through this lock."
"4","How would you defend yourself in a physical altercation?"
"1","Tell me about the people who have challenged and pushed you to grow and evolve."
"4","How can I take advantage of the terrain and environment to achieve victory in a battle?"
"3","What is the objective we are trying to accomplish with our current mission?"
"3","What are the expectations for our current mission?"
"6","Would you like to learn some unique sword fighting techniques?"
"9","We should go fist fight train more often."
"13","Can we swap resources?"
"8","Let's start our mace training with some stretching exercises."
"8","What muscles does the mace workout target?"
"10","Can I sell my own health potions?"
"2","What is the business climate like in this place?"
"15","Use a metal detector to search for buried items in the area."
"3","Can you provide me with the details of our current task?"
"3","Can you remind me what our current task is?"
"1","What are your beliefs about the role of gratitude and positivity in personal and professional relationships, and how do you express those values in your interactions with others?"
"1","Tell me about a time when you had to negotiate a complex agreement or deal, and how you navigated that process."
"6","Let's head to the training ground for sword practice."
"4","What are your strategies for fighting against laziness?"
"12","Get in position for ranged combat!"
"9","Shall we set some specific goals for what we hope to accomplish through our fist fighting practice?"
"15","Take breaks as needed during your survey of the area."
"11","Use your footwork to get in close and attack!"
"11","Close combat is not for the weak or inexperienced."
"10","I need healing hands"
"2","Can you describe the public services provided in this place?"
"13","I think exchanging resources could be advantageous for us."
"1","Tell me about the moments that have challenged you to become a better person."
"5","Can you guide me on how to finish this task?"
"7","How about axe training for an adrenaline-filled activity?"
"8","I want to be able to improvise with a mace."
"13","How about a resource barter?"
"3","What are the details of our current task?"
"13","Can you share your inventory details with me?"
"10","Would you be able to provide me with a first aid kit?"
"8","Let's begin the mace training with some cool-down stretches."
"2","The world is full of surprises and unexpected twists, where even the most familiar things can reveal new and wondrous secrets."
"7","Let's improve our axe combat proficiency."
"15","Scour the area for any valuable items."
"4","What are some ways to train for endurance in a fight?"
"9","Train hard for your next fist fight!"
"3","Can you remind me what we're trying to accomplish?"
"15","Be on the lookout for any potential dangers in the area."
"9","Practice defensive techniques to protect yourself!"
"11","We need to get in there and mix it up."
"13","Let's exchange resources to strengthen our relationship."
"2","Can you tell me about a place in the world that is known for its unique biodiversity?"
"5","What are the skills I need to possess in order to complete this task successfully?"
"9","Train like a warrior in fist fighting!"
"4","What are some effective ways to defend against an enemy cavalry charge during a battle?"
"6","Do you think we should focus on one type of sword or try different ones?"
"3","What are we trying to achieve right now?"
"7","Start your axe training with a positive attitude."
"3","I need a reminder of our mission, and I need it delivered in a demanding way."
"6","Let's sharpen our sword skills to become more proficient."
"1","Can you describe your approach to customer retention? Tell me about a time when you successfully retained a customer who was considering leaving."
"13","Let's trade some gear."
"10","How many health potions should I use for a serious injury?"
"8","It's time to master the mace. Let's practice!"
"4","What are the best tactics for fighting in close quarters?"
"10","Can you provide me with a first aid kit?"
"9","It's time to elevate our fist fighting abilities."
"7","Let's begin your axe conditioning."
"12","Let your arrow soar through the air!"
"13","Let's barter resources."
"3","What is the current task that's critical for our project's success?"
"3","What is the goal of our current mission?"
"11","Let's show them what we're made of in close combat."
"3","What is the rationale behind our current mission?"
"1","Share the story of how you found your true calling."
"13","Let's exchange resources to improve our bottom line."
"3","What is the overall vision for our current mission?"
"10","I need some hypnotherapy."
"12","Head to the hills and fight in ranged combat."
"12","Take cover and fire your long-range weapons!"
"13","Let's exchange some equipment that we both want."
"8","Take up your mace and let's begin training with some slow, controlled movements."
"1","What are some challenges you've faced in your career? Tell me about yourself."
"15","We can't leave without exploring the nearby place first."
"5","What support can I seek to help me complete this task?"
"13","Can we negotiate an equipment trade that benefits both of us?"
"1","Can you describe your approach to customer needs assessment? Tell me about a time when you successfully identified and met a customer's needs."
"7","You can do this! Join me for some axe training!"
"2","Can you tell me about the different types of sports that are played in this world?"
"10","I need you to heal me right now."
"11","The only way out is to start close combat."
"13","Let's trade some of our equipment."
"6","Would you like to try a variety of sword fighting styles?"
"13","an you please show me your inventory?"
"3","What is the current task at hand?"
"5","How do I advance to the next level of this quest?"
"1","Can you tell me about a time when you had to handle a difficult situation with a client or customer who had unrealistic expectations?"
"15","Use all of your senses to explore."
"13","Please let me take a look at your inventory."
"4","What are some effective fighting strategies?"
"8","I'm committed to improving my mace skills."
"6","Begin with sword training target practice."
"6","Let's spend some time training with our swords."
"13","Want to swap resources?"
"11","We need to be smart in close combat."
"1","Describe the experiences that have shaped your perspective and worldview."
"7","How about axe training to develop your hand-eye coordination?"
"6","How about working on sword training balance and stability?"
"8","Take your mace and let's start with some easy exercises."
"5","How do I progress to the next level in this quest?"
"13","Let's share resources and create more value."
"8","What should you wear when practicing with the mace?"
"2","What's the public transportation system like in this place?"
"8","Don't be shy, let's practice with the mace!"
"6","Sharpen your sword and let's begin!"
"5","How do I access the quest menu?"
"5","What are the key components that make up this task?"
"10","Don't let me suffer anymore"
"14","Use your expertise to hack the lock and access the room."
"10","I'm experiencing a sore throat"
"15","Use a flashlight to search the area for any hidden clues."
"9","How about we organize a fist sparring league in our community?"
"3","Can you give me the details on our current task?"
"9","I want to train my endurance through fist fight sparring."
"9","Do you want to see who's better at bare-knuckle boxing?"
"6","Let's train on sword techniques to become better warriors."
"10","I need to get some treatment for my hearing loss."
"15","Look for any signs of recent human activity in the area."
"2","Can you describe the community involvement in this place?"
"9","Try out some martial arts forms to improve your technique!"
"8","I'm determined to excel in mace combat."
"10","Do you think I should talk to a therapist?"
"13","I want to exchange resources that I don't need."
"6","Let's start with sword training obstacle courses."
"11","Get ready to brawl in close quarters."
"2","Tell me about some of the historical events that have shaped this world."
"3","What are we trying to accomplish right now?"
"15","Sweep the area for any potential threats."
"4","What are some tactics for fighting in confined spaces?"
"3","What is the main objective of our current mission?"
"8","Do you think mace training would be beneficial for our group?"
"14","Can you pick the lock on this door?"
"14","Can you pick a lock with a lockpick set?"
"2","The world is a place of both order and chaos, where patterns emerge from seemingly random events."
"1","What led you to prioritize your physical, mental, and emotional well-being?"
"14","Use a supply chain attack to bypass the lock's security."
"5","How do I ensure that the communication surrounding this task is clear and effective?"
"15","Search the area for any hidden passageways or secret rooms."
"5","Who should I talk to in order to progress through this quest?"
"11","We're getting surrounded, it's time to engage in close combat."
"4","How do you think I need to fight for my country?"
"8","How does mace training benefit individuals who have desk jobs or lead sedentary lifestyles?"
"3","Can you tell me what we're supposed to be working on right now?"
"3","What is our current purpose?"
"13","Can we make a trade for some of our equipment?"
"14","Would you be able to pick this lock for me?"
"14","Use a water jet cutter to slice the chest open."
"15","Search the area in a zig-zag pattern to cover as much ground as possible."
"13","Would you be interested in swapping equipment?"
"4","Can you suggest any stretches to prevent injuries during a fight?"
"11","Close combat is where we can turn the tide of the battle."
"3","What are the steps involved in our current mission?"
"11","Attack with a combination of speed and strength!"
"4","How do I fight against distractions and interruptions?"
"9","Train your legs for more powerful kicks!"
"12","Get in position and fire at will!"
"3","The essence of our mission is to promote cultural exchange and understanding."
"9","Do you want to learn some basic kickboxing techniques?"
"13","Could you show me the items in your inventory?"
"1","How did you discover your purpose and find meaning in your life?"
"1","Share your story of finding balance and harmony in your life."
"5","What resources do I need to complete this task?"
"1","Can you describe your approach to talent management? Tell me about a time when you successfully identified and developed top talent within your organization."
"9","Let's focus on improving our fist fight form."
"9","Maximize your fist fighting potential with training!"
"2","The world is a place of both exploration and adventure."
"15","Let's set out to explore the place nearby."
"9","Let's use this time to really focus on our fist fighting form during sparring."
"14","Can you pick a lock with a jiggler key?"
"8","Would you like to try out some new mace techniques?"
"1","Share your story of discovering and embracing your unique qualities and traits."
"6","Can we practice sword fighting while listening to music?"
"2","Can you tell me about the different languages that are spoken in this world?"
"11","Engage in close combat and take them down before they know what hit them."
"15","Go down the street and see what's happening."
"11","Close combat requires quick decision-making and adaptability."
"7","Let's begin your axe training with focus."
"11","Close combat is where warriors prove their worth."
"9","Let's work on our balance and coordination in fist fighting."
"14","Use a hacksaw to cut the lock off the chest."
"15","Take a map and compass, and explore the territory."
"5","What are the rewards for completing this quest?"
"1","I'm interested in learning more about your teamwork skills. Can you tell me about a time when you worked with a team to complete a project under a tight deadline?"
"4","How do I fight fatigue and lack of motivation?"
"6","Do you want to sharpen your sword skills through practice?"
"11","It's time to get up close and dirty."
"7","How about some axe challenges to test your skills?"
"5","What are the steps I need to take to finish this task?"